{
  "total_images": 1000,
  "images_with_faces": 994,
  "face_detection_rate": 0.994,
  "total_faces_detected": 1045,
  "landmarks_detected": 1045,
  "landmarks_success_rate": 1.0,
  "avg_faces_per_image": 1.045,
  "avg_detection_time": 0.009461747646331788,
  "median_detection_time": 0.009135246276855469,
  "p90_detection_time": 0.010199689865112304,
  "p95_detection_time": 0.011077594757080077,
  "p99_detection_time": 0.01632728576660156,
  "throughput_fps": 105.68872024268039,
  "avg_face_size": 103.62727272727273
}